<annotation verified="yes">
	<folder>stopsign_pos1</folder>
	<filename>stopsign118.jpg</filename>
	<path>/home/mahesh/davg/StopSignData/stopsign_pos1/stopsign118.jpg</path>
	<source>
		<database>Unknown</database>
	</source>
	<size>
		<width>320</width>
		<height>240</height>
		<depth>3</depth>
	</size>
	<segmented>0</segmented>
	<object>
		<name>stop</name>
		<pose>Unspecified</pose>
		<truncated>0</truncated>
		<difficult>0</difficult>
		<bndbox>
			<xmin>202</xmin>
			<ymin>157</ymin>
			<xmax>243</xmax>
			<ymax>199</ymax>
		</bndbox>
	</object>
</annotation>
